phase,n_bin_argmax,argmax_bin,argmax_T,argmax_F,n_bin_soft,sm_acc,sm_T,sm_F,mean_log_p_TF,mean_tf_margin
base,214,0.1822429906542056,0.18518518518518517,0.1792452830188679,214,0.7383177570093458,1.0,0.4716981132075472,-4.351804099175464,0.0248502986433633
l1,214,0.6448598130841121,,,214,0.6448598130841121,0.7592592592592593,0.5283018867924528,-1.191546551206904,0.2346365143864298
l2,214,0.7476635514018691,,,214,0.7009345794392523,0.5740740740740741,0.8301886792452831,-0.6142075569701007,0.34722497757354526
l1_l2,214,0.48598130841121495,,,214,0.6448598130841121,0.5,0.7924528301886793,-1.0500104944133044,0.2793566773473677
l3,214,0.0,,,214,0.616822429906542,0.8611111111111112,0.36792452830188677,-14.125132530096886,-0.0014218946076146029
