phase,n_argmax,argmax_overall,argmax_binary,argmax_numeric,sm_bin_acc,sm_num_top1,sm_num_margin_pos,mean_log_p_TF
base,240,0.1625,0.1822429906542056,0.0,0.7383177570093458,0.038461538461538464,0.0,-4.351804099175464
l1,240,0.575,0.6448598130841121,0.0,0.6448598130841121,0.038461538461538464,0.0,-1.191546551206904
l2,240,0.6666666666666666,0.7476635514018691,0.0,0.7009345794392523,0.15384615384615385,0.0,-0.6142075569701007
l1_l2,240,0.43333333333333335,0.48598130841121495,0.0,0.6448598130841121,0.038461538461538464,0.0,-1.0500104944133044
l3,240,0.10833333333333334,0.0,1.0,0.616822429906542,1.0,1.0,-14.125132530096886
