phase,n_num_argmax,argmax_numeric,n_num_soft,sm_top1_digit,mean_digit_margin,frac_margin_pos,mean_log_p_digit
base,26,0.0,26,0.038461538461538464,-0.004411786976561454,0.0,-7.952652126271402
l1,26,0.0,26,0.038461538461538464,-0.0001914903506587396,0.0,-10.815254228841507
l2,26,0.0,26,0.15384615384615385,-3.280535337670297e-05,0.0,-12.442394133390373
l1_l2,26,0.0,26,0.038461538461538464,-0.00015721355174733886,0.0,-11.597774264871047
l3,26,1.0,26,1.0,0.9999976315551192,1.0,-1.4580246264337798e-06
